x-axis,1,2
second,Volt,Ampere
-200.000E-09,+3.359383991E-03,+430.468800E-06
-198.000E-09,+2.578133979E-03,+430.468800E-06
-196.000E-09,+2.968758985E-03,+414.843799E-06
-194.000E-09,+3.750008997E-03,+426.562549E-06
-192.000E-09,+3.359383991E-03,+414.843799E-06
-190.000E-09,+2.578133979E-03,+446.093800E-06
-188.000E-09,+2.578133979E-03,+430.468800E-06
-186.000E-09,+2.578133979E-03,+418.750049E-06
-184.000E-09,+3.359383991E-03,+422.656299E-06
-182.000E-09,+3.359383991E-03,+410.937549E-06
-180.000E-09,+3.750008997E-03,+434.375050E-06
-178.000E-09,+3.359383991E-03,+453.906301E-06
-176.000E-09,+2.968758985E-03,+418.750049E-06
-174.000E-09,+2.968758985E-03,+395.312548E-06
-172.000E-09,+2.968758985E-03,+418.750049E-06
-170.000E-09,+2.968758985E-03,+446.093800E-06
-168.000E-09,+3.750008997E-03,+434.375050E-06
-166.000E-09,+2.968758985E-03,+438.281300E-06
-164.000E-09,+2.968758985E-03,+442.187550E-06
-162.000E-09,+2.968758985E-03,+442.187550E-06
-160.000E-09,+3.750008997E-03,+418.750049E-06
-158.000E-09,+3.359383991E-03,+422.656299E-06
-156.000E-09,+3.750008997E-03,+407.031298E-06
-154.000E-09,+3.359383991E-03,+426.562549E-06
-152.000E-09,+3.750008997E-03,+446.093800E-06
-150.000E-09,+2.968758985E-03,+426.562549E-06
-148.000E-09,+3.359383991E-03,+430.468800E-06
-146.000E-09,+3.750008997E-03,+414.843799E-06
-144.000E-09,+3.750008997E-03,+418.750049E-06
-142.000E-09,+3.359383991E-03,+403.125048E-06
-140.000E-09,+3.359383991E-03,+426.562549E-06
-138.000E-09,+4.140634002E-03,+446.093800E-06
-136.000E-09,+4.140634002E-03,+438.281300E-06
-134.000E-09,+3.359383991E-03,+450.000050E-06
-132.000E-09,+2.578133979E-03,+442.187550E-06
-130.000E-09,+3.359383991E-03,+426.562549E-06
-128.000E-09,+4.140634002E-03,+418.750049E-06
-126.000E-09,+3.359383991E-03,+422.656299E-06
-124.000E-09,+2.578133979E-03,+407.031298E-06
-122.000E-09,+2.968758985E-03,+422.656299E-06
-120.000E-09,+3.750008997E-03,+434.375050E-06
-118.000E-09,+3.359383991E-03,+430.468800E-06
-116.000E-09,+3.359383991E-03,+453.906301E-06
-114.000E-09,+2.578133979E-03,+457.812551E-06
-112.000E-09,+2.968758985E-03,+418.750049E-06
-110.000E-09,+2.968758985E-03,+426.562549E-06
-108.000E-09,+3.750008997E-03,+407.031298E-06
-106.000E-09,+3.359383991E-03,+410.937549E-06
-104.000E-09,+2.578133979E-03,+426.562549E-06
-102.000E-09,+2.578133979E-03,+426.562549E-06
-100.000E-09,+2.578133979E-03,+422.656299E-06
-98.000E-09,+2.968758985E-03,+434.375050E-06
-96.000E-09,+3.359383991E-03,+446.093800E-06
-94.000E-09,+2.968758985E-03,+410.937549E-06
-92.000E-09,+2.578133979E-03,+422.656299E-06
-90.000E-09,+2.578133979E-03,+430.468800E-06
-88.000E-09,+3.359383991E-03,+407.031298E-06
-86.000E-09,+2.578133979E-03,+426.562549E-06
-84.000E-09,+1.796883967E-03,+446.093800E-06
-82.000E-09,+2.187508973E-03,+430.468800E-06
-80.000E-09,+2.968758985E-03,+391.406298E-06
-78.000E-09,+2.578133979E-03,+403.125048E-06
-76.000E-09,+3.750008997E-03,+407.031298E-06
-74.000E-09,+2.187508973E-03,+414.843799E-06
-72.000E-09,+3.359383991E-03,+414.843799E-06
-70.000E-09,+2.968758985E-03,+430.468800E-06
-68.000E-09,+2.968758985E-03,+457.812551E-06
-66.000E-09,+2.578133979E-03,+410.937549E-06
-64.000E-09,+3.359383991E-03,+403.125048E-06
-62.000E-09,+2.578133979E-03,+410.937549E-06
-60.000E-09,+2.968758985E-03,+407.031298E-06
-58.000E-09,+2.968758985E-03,+399.218798E-06
-56.000E-09,+2.968758985E-03,+391.406298E-06
-54.000E-09,+2.968758985E-03,+414.843799E-06
-52.000E-09,+2.968758985E-03,+422.656299E-06
-50.000E-09,+3.359383991E-03,+438.281300E-06
-48.000E-09,+2.968758985E-03,+434.375050E-06
-46.000E-09,+2.968758985E-03,+446.093800E-06
-44.000E-09,+2.968758985E-03,+434.375050E-06
-42.000E-09,+3.359383991E-03,+442.187550E-06
-40.000E-09,+4.140634002E-03,+387.500048E-06
-38.000E-09,+3.359383991E-03,+410.937549E-06
-36.000E-09,+2.578133979E-03,+434.375050E-06
-34.000E-09,+3.750008997E-03,+414.843799E-06
-32.000E-09,+3.750008997E-03,+407.031298E-06
-30.000E-09,+3.359383991E-03,+422.656299E-06
-28.000E-09,+3.359383991E-03,+446.093800E-06
-26.000E-09,+2.968758985E-03,+426.562549E-06
-24.000E-09,+3.359383991E-03,+426.562549E-06
-22.000E-09,+3.359383991E-03,+430.468800E-06
-20.000E-09,+3.750008997E-03,+426.562549E-06
-18.000E-09,+3.359383991E-03,+414.843799E-06
-16.000E-09,+3.750008997E-03,+407.031298E-06
-14.000E-09,+3.359383991E-03,+407.031298E-06
-12.000E-09,+2.968758985E-03,+418.750049E-06
-10.000E-09,+3.359383991E-03,+414.843799E-06
-8.000E-09,+3.359383991E-03,+403.125048E-06
-6.000E-09,+2.578133979E-03,+407.031298E-06
-4.000E-09,+2.968758985E-03,+407.031298E-06
-2.000E-09,+2.578133979E-03,+418.750049E-06
-0.0E+00,+2.578133979E-03,+395.312548E-06
+2.000E-09,+2.968758985E-03,+391.406298E-06
+4.000E-09,+2.968758985E-03,+414.843799E-06
+6.000E-09,+2.968758985E-03,+410.937549E-06
+8.000E-09,+3.750008997E-03,+430.468800E-06
+10.000E-09,+3.359383991E-03,+395.312548E-06
+12.000E-09,+4.140634002E-03,+403.125048E-06
+14.000E-09,+4.921884014E-03,+422.656299E-06
+16.000E-09,+4.921884014E-03,+434.375050E-06
+18.000E-09,+4.531259008E-03,+403.125048E-06
+20.000E-09,+4.140634002E-03,+426.562549E-06
+22.000E-09,+4.921884014E-03,+446.093800E-06
+24.000E-09,+5.703134026E-03,+430.468800E-06
+26.000E-09,+5.703134026E-03,+434.375050E-06
+28.000E-09,+5.703134026E-03,+434.375050E-06
+30.000E-09,+6.484384037E-03,+410.937549E-06
+32.000E-09,+6.484384037E-03,+410.937549E-06
+34.000E-09,+6.093759032E-03,+414.843799E-06
+36.000E-09,+4.531259008E-03,+453.906301E-06
+38.000E-09,+1.406258962E-03,+453.906301E-06
+40.000E-09,-3.671866114E-03,+379.687547E-06
+42.000E-09,-13.437491260E-03,+258.593791E-06
+44.000E-09,-45.468741737E-03,+16.406280E-06
+46.000E-09,-152.499993332E-03,-628.125001E-06
+48.000E-09,-361.484371446E-03,-1.510937543E-03
+50.000E-09,-636.875000549E-03,-2.514843840E-03
+52.000E-09,-865.390628955E-03,-3.151562621E-03
+54.000E-09,-948.984380200E-03,-3.331250129E-03
+56.000E-09,-881.015629187E-03,-3.569531390E-03
+58.000E-09,-715.390626719E-03,-3.839062653E-03
+60.000E-09,-517.343748768E-03,-4.175000169E-03
+62.000E-09,-351.328121295E-03,-4.151562668E-03
+64.000E-09,-231.796869513E-03,-3.432812634E-03
+66.000E-09,-141.562493169E-03,-2.178906324E-03
+68.000E-09,-72.812492144E-03,-1.167187526E-03
+70.000E-09,-27.890616475E-03,-749.218756E-06
+72.000E-09,-2.109366091E-03,-772.656258E-06
+74.000E-09,+10.000009090E-03,-1.194531278E-03
+76.000E-09,+23.281259288E-03,-1.682812551E-03
+78.000E-09,+42.812509579E-03,-2.202343826E-03
+80.000E-09,+55.703134771E-03,-2.569531343E-03
+82.000E-09,+57.656259800E-03,-2.600781344E-03
+84.000E-09,+54.140634747E-03,-2.425000086E-03
+86.000E-09,+45.546884619E-03,-1.979687565E-03
+88.000E-09,+32.656259427E-03,-1.538281294E-03
+90.000E-09,+30.703134398E-03,-1.339062534E-03
+92.000E-09,+33.828134445E-03,-1.370312536E-03
+94.000E-09,+27.578134352E-03,-1.608593797E-03
+96.000E-09,+7.656259055E-03,-1.780468805E-03
+98.000E-09,-16.562491306E-03,-1.909375062E-03
+100.000E-09,-33.359366556E-03,-1.917187562E-03
+102.000E-09,-34.531241574E-03,-1.741406304E-03
+104.000E-09,-24.374991423E-03,-1.425000039E-03
+106.000E-09,-17.734366324E-03,-1.003125019E-03
+108.000E-09,-20.078116358E-03,-592.968749E-06
+110.000E-09,-28.281241481E-03,-346.874987E-06
+112.000E-09,-38.046866626E-03,-385.937489E-06
+114.000E-09,-41.953116684E-03,-659.375002E-06
+116.000E-09,-34.921866580E-03,-967.968767E-06
+118.000E-09,-23.593741411E-03,-1.217968779E-03
+120.000E-09,-14.218741271E-03,-1.350781285E-03
+122.000E-09,-5.234366137E-03,-1.284375032E-03
+124.000E-09,+1.015633956E-03,-1.171093777E-03
+126.000E-09,+4.531259008E-03,-1.014843769E-03
+128.000E-09,+6.484384037E-03,-878.125013E-06
+130.000E-09,+4.921884014E-03,-827.343760E-06
+132.000E-09,+234.383944E-06,-827.343760E-06
+134.000E-09,-4.453116126E-03,-897.656264E-06
+136.000E-09,-8.749991190E-03,-999.218768E-06
+138.000E-09,-11.874991236E-03,-1.003125019E-03
+140.000E-09,-11.484366230E-03,-897.656264E-06
+142.000E-09,-12.265616242E-03,-729.687506E-06
+144.000E-09,-13.046866254E-03,-534.374996E-06
+146.000E-09,-15.781241294E-03,-342.968737E-06
+148.000E-09,-21.640616382E-03,-237.499982E-06
+150.000E-09,-24.765616428E-03,-202.343731E-06
+152.000E-09,-23.593741411E-03,-229.687482E-06
+154.000E-09,-19.296866347E-03,-331.249987E-06
+156.000E-09,-13.046866254E-03,-464.062493E-06
+158.000E-09,-6.406241155E-03,-557.812497E-06
+160.000E-09,-1.328116079E-03,-616.406250E-06
+162.000E-09,+625.008950E-06,-628.125001E-06
+164.000E-09,+1.796883967E-03,-608.593750E-06
+166.000E-09,+1.406258962E-03,-604.687500E-06
+168.000E-09,-156.241062E-06,-557.812497E-06
+170.000E-09,-937.491073E-06,-499.218745E-06
+172.000E-09,-1.718741085E-03,-460.156243E-06
+174.000E-09,-2.890616102E-03,-436.718742E-06
+176.000E-09,-4.062491120E-03,-397.656240E-06
+178.000E-09,-6.015616149E-03,-276.562484E-06
+180.000E-09,-9.140616196E-03,-186.718730E-06
+182.000E-09,-12.656241248E-03,-174.999979E-06
+184.000E-09,-15.390616289E-03,-108.593726E-06
+186.000E-09,-17.343741318E-03,-100.781226E-06
+188.000E-09,-16.953116312E-03,-108.593726E-06
+190.000E-09,-14.609366277E-03,-89.062475E-06
+192.000E-09,-10.312491213E-03,-128.124977E-06
+194.000E-09,-6.015616149E-03,-174.999979E-06
+196.000E-09,-2.890616102E-03,-214.062481E-06
+198.000E-09,-156.241062E-06,-260.937483E-06
+200.000E-09,+625.008950E-06,-272.656234E-06
+202.000E-09,+1.015633956E-03,-284.374984E-06
+204.000E-09,+1.015633956E-03,-288.281235E-06
+206.000E-09,+234.383944E-06,-288.281235E-06
+208.000E-09,+625.008950E-06,-272.656234E-06
+210.000E-09,-156.241062E-06,-233.593732E-06
+212.000E-09,-937.491073E-06,-186.718730E-06
+214.000E-09,-2.499991097E-03,-135.937477E-06
+216.000E-09,-4.453116126E-03,-96.874975E-06
+218.000E-09,-8.359366184E-03,-18.749972E-06
+220.000E-09,-11.874991236E-03,+35.937531E-06
+222.000E-09,-13.437491260E-03,+78.906283E-06
+224.000E-09,-13.437491260E-03,+114.062535E-06
+226.000E-09,-12.265616242E-03,+137.500036E-06
+228.000E-09,-10.312491213E-03,+121.875035E-06
+230.000E-09,-7.578116172E-03,+110.156284E-06
+232.000E-09,-5.234366137E-03,+67.187532E-06
+234.000E-09,-3.671866114E-03,+16.406280E-06
+236.000E-09,-2.109366091E-03,-7.031221E-06
+238.000E-09,-2.109366091E-03,-34.374973E-06
+240.000E-09,-546.866067E-06,-81.249975E-06
+242.000E-09,+625.008950E-06,-104.687476E-06
+244.000E-09,+1.015633956E-03,-116.406226E-06
+246.000E-09,+1.796883967E-03,-69.531224E-06
+248.000E-09,+2.187508973E-03,-42.187473E-06
+250.000E-09,+625.008950E-06,-3.124971E-06
+252.000E-09,-1.718741085E-03,+59.375032E-06
+254.000E-09,-4.843741131E-03,+98.437534E-06
+256.000E-09,-7.578116172E-03,+117.968785E-06
+258.000E-09,-9.531241201E-03,+137.500036E-06
+260.000E-09,-11.093741225E-03,+176.562537E-06
+262.000E-09,-11.093741225E-03,+207.812539E-06
+264.000E-09,-9.531241201E-03,+203.906289E-06
+266.000E-09,-7.968741178E-03,+196.093788E-06
+268.000E-09,-6.406241155E-03,+180.468788E-06
+270.000E-09,-5.234366137E-03,+145.312536E-06
+272.000E-09,-4.062491120E-03,+129.687535E-06
+274.000E-09,-3.281241108E-03,+129.687535E-06
+276.000E-09,-2.499991097E-03,+102.343784E-06
+278.000E-09,-1.328116079E-03,+63.281282E-06
+280.000E-09,+625.008950E-06,+35.937531E-06
+282.000E-09,+1.406258962E-03,+47.656281E-06
+284.000E-09,+1.406258962E-03,+106.250034E-06
+286.000E-09,+1.796883967E-03,+117.968785E-06
+288.000E-09,+1.015633956E-03,+117.968785E-06
+290.000E-09,-1.718741085E-03,+160.937537E-06
+292.000E-09,-4.062491120E-03,+176.562537E-06
+294.000E-09,-5.234366137E-03,+196.093788E-06
+296.000E-09,-6.015616149E-03,+227.343790E-06
+298.000E-09,-6.406241155E-03,+254.687541E-06
+300.000E-09,-6.015616149E-03,+270.312542E-06
+302.000E-09,-6.015616149E-03,+258.593791E-06
+304.000E-09,-5.234366137E-03,+258.593791E-06
+306.000E-09,-4.453116126E-03,+246.875041E-06
+308.000E-09,-2.890616102E-03,+215.625039E-06
+310.000E-09,-1.718741085E-03,+176.562537E-06
+312.000E-09,-1.328116079E-03,+176.562537E-06
+314.000E-09,-937.491073E-06,+203.906289E-06
+316.000E-09,+234.383944E-06,+200.000039E-06
+318.000E-09,+625.008950E-06,+176.562537E-06
+320.000E-09,+1.796883967E-03,+164.843787E-06
+322.000E-09,+1.015633956E-03,+188.281288E-06
+324.000E-09,+234.383944E-06,+211.718789E-06
+326.000E-09,+234.383944E-06,+223.437540E-06
+328.000E-09,-156.241062E-06,+211.718789E-06
+330.000E-09,-1.718741085E-03,+235.156290E-06
+332.000E-09,-2.890616102E-03,+278.125042E-06
+334.000E-09,-4.062491120E-03,+297.656293E-06
+336.000E-09,-4.062491120E-03,+317.187544E-06
+338.000E-09,-4.453116126E-03,+328.906295E-06
+340.000E-09,-3.671866114E-03,+340.625045E-06
+342.000E-09,-3.671866114E-03,+348.437546E-06
+344.000E-09,-2.499991097E-03,+332.812545E-06
+346.000E-09,-1.328116079E-03,+313.281294E-06
+348.000E-09,-156.241062E-06,+285.937543E-06
+350.000E-09,+234.383944E-06,+258.593791E-06
+352.000E-09,+1.015633956E-03,+223.437540E-06
+354.000E-09,+1.015633956E-03,+223.437540E-06
+356.000E-09,+1.015633956E-03,+223.437540E-06
+358.000E-09,+1.015633956E-03,+250.781291E-06
+360.000E-09,+1.015633956E-03,+258.593791E-06
+362.000E-09,+234.383944E-06,+262.500042E-06
+364.000E-09,-156.241062E-06,+293.750043E-06
+366.000E-09,-546.866067E-06,+325.000045E-06
+368.000E-09,-937.491073E-06,+332.812545E-06
+370.000E-09,-1.718741085E-03,+352.343796E-06
+372.000E-09,-3.281241108E-03,+364.062546E-06
+374.000E-09,-4.453116126E-03,+360.156296E-06
+376.000E-09,-4.453116126E-03,+356.250046E-06
+378.000E-09,-3.671866114E-03,+371.875047E-06
+380.000E-09,-2.890616102E-03,+387.500048E-06
+382.000E-09,-2.109366091E-03,+391.406298E-06
+384.000E-09,-1.718741085E-03,+364.062546E-06
+386.000E-09,-937.491073E-06,+340.625045E-06
+388.000E-09,-546.866067E-06,+309.375044E-06
+390.000E-09,-937.491073E-06,+317.187544E-06
+392.000E-09,-156.241062E-06,+325.000045E-06
+394.000E-09,+234.383944E-06,+289.843793E-06
+396.000E-09,-156.241062E-06,+305.468794E-06
+398.000E-09,+1.406258962E-03,+309.375044E-06
+400.000E-09,+1.406258962E-03,+317.187544E-06
+402.000E-09,+625.008950E-06,+313.281294E-06
+404.000E-09,-156.241062E-06,+348.437546E-06
+406.000E-09,-156.241062E-06,+336.718795E-06
+408.000E-09,-546.866067E-06,+336.718795E-06
+410.000E-09,-937.491073E-06,+364.062546E-06
+412.000E-09,-2.109366091E-03,+360.156296E-06
+414.000E-09,-2.109366091E-03,+352.343796E-06
+416.000E-09,-1.718741085E-03,+352.343796E-06
+418.000E-09,-1.718741085E-03,+360.156296E-06
+420.000E-09,-1.718741085E-03,+364.062546E-06
+422.000E-09,-546.866067E-06,+371.875047E-06
+424.000E-09,-156.241062E-06,+375.781297E-06
+426.000E-09,+234.383944E-06,+332.812545E-06
+428.000E-09,+625.008950E-06,+301.562543E-06
+430.000E-09,+1.015633956E-03,+321.093794E-06
+432.000E-09,+1.406258962E-03,+321.093794E-06
+434.000E-09,+1.406258962E-03,+325.000045E-06
+436.000E-09,+1.015633956E-03,+321.093794E-06
+438.000E-09,+234.383944E-06,+317.187544E-06
+440.000E-09,+1.015633956E-03,+340.625045E-06
+442.000E-09,+234.383944E-06,+328.906295E-06
+444.000E-09,-546.866067E-06,+379.687547E-06
+446.000E-09,-937.491073E-06,+379.687547E-06
+448.000E-09,-1.718741085E-03,+403.125048E-06
+450.000E-09,-1.328116079E-03,+399.218798E-06
+452.000E-09,-1.718741085E-03,+379.687547E-06
+454.000E-09,-2.109366091E-03,+364.062546E-06
+456.000E-09,-1.718741085E-03,+371.875047E-06
+458.000E-09,-937.491073E-06,+383.593797E-06
+460.000E-09,-1.328116079E-03,+414.843799E-06
+462.000E-09,-546.866067E-06,+403.125048E-06
+464.000E-09,-546.866067E-06,+391.406298E-06
+466.000E-09,-156.241062E-06,+352.343796E-06
+468.000E-09,+625.008950E-06,+356.250046E-06
+470.000E-09,+1.015633956E-03,+352.343796E-06
+472.000E-09,+1.015633956E-03,+360.156296E-06
+474.000E-09,+1.015633956E-03,+371.875047E-06
+476.000E-09,+625.008950E-06,+379.687547E-06
+478.000E-09,+625.008950E-06,+371.875047E-06
+480.000E-09,+1.015633956E-03,+383.593797E-06
+482.000E-09,+234.383944E-06,+395.312548E-06
+484.000E-09,-546.866067E-06,+418.750049E-06
+486.000E-09,-156.241062E-06,+391.406298E-06
+488.000E-09,+625.008950E-06,+399.218798E-06
+490.000E-09,+625.008950E-06,+410.937549E-06
+492.000E-09,-937.491073E-06,+430.468800E-06
+494.000E-09,-156.241062E-06,+399.218798E-06
+496.000E-09,-546.866067E-06,+387.500048E-06
+498.000E-09,-546.866067E-06,+403.125048E-06
+500.000E-09,+234.383944E-06,+387.500048E-06
+502.000E-09,+625.008950E-06,+383.593797E-06
+504.000E-09,+1.406258962E-03,+360.156296E-06
+506.000E-09,+2.187508973E-03,+348.437546E-06
+508.000E-09,+1.796883967E-03,+371.875047E-06
+510.000E-09,+1.796883967E-03,+364.062546E-06
+512.000E-09,+1.015633956E-03,+379.687547E-06
+514.000E-09,+234.383944E-06,+387.500048E-06
+516.000E-09,+234.383944E-06,+399.218798E-06
+518.000E-09,+234.383944E-06,+414.843799E-06
+520.000E-09,+625.008950E-06,+403.125048E-06
+522.000E-09,+1.015633956E-03,+391.406298E-06
+524.000E-09,+1.015633956E-03,+403.125048E-06
+526.000E-09,+1.406258962E-03,+414.843799E-06
+528.000E-09,+1.406258962E-03,+430.468800E-06
+530.000E-09,+625.008950E-06,+410.937549E-06
+532.000E-09,+234.383944E-06,+399.218798E-06
+534.000E-09,-156.241062E-06,+391.406298E-06
+536.000E-09,+1.015633956E-03,+375.781297E-06
+538.000E-09,+1.406258962E-03,+383.593797E-06
+540.000E-09,+1.015633956E-03,+399.218798E-06
+542.000E-09,+1.015633956E-03,+410.937549E-06
+544.000E-09,+2.187508973E-03,+422.656299E-06
+546.000E-09,+1.796883967E-03,+379.687547E-06
+548.000E-09,+2.187508973E-03,+383.593797E-06
+550.000E-09,+1.015633956E-03,+422.656299E-06
+552.000E-09,+1.406258962E-03,+391.406298E-06
+554.000E-09,+1.015633956E-03,+379.687547E-06
+556.000E-09,+625.008950E-06,+399.218798E-06
+558.000E-09,+1.015633956E-03,+418.750049E-06
+560.000E-09,+1.406258962E-03,+422.656299E-06
+562.000E-09,+1.015633956E-03,+414.843799E-06
+564.000E-09,+1.015633956E-03,+410.937549E-06
+566.000E-09,+1.406258962E-03,+399.218798E-06
+568.000E-09,+1.406258962E-03,+395.312548E-06
+570.000E-09,+625.008950E-06,+414.843799E-06
+572.000E-09,+234.383944E-06,+418.750049E-06
+574.000E-09,+625.008950E-06,+414.843799E-06
+576.000E-09,+625.008950E-06,+395.312548E-06
+578.000E-09,+625.008950E-06,+399.218798E-06
+580.000E-09,+625.008950E-06,+410.937549E-06
+582.000E-09,+234.383944E-06,+399.218798E-06
+584.000E-09,+1.015633956E-03,+414.843799E-06
+586.000E-09,+1.015633956E-03,+410.937549E-06
+588.000E-09,+1.015633956E-03,+399.218798E-06
+590.000E-09,-156.241062E-06,+430.468800E-06
+592.000E-09,+234.383944E-06,+418.750049E-06
+594.000E-09,+234.383944E-06,+426.562549E-06
+596.000E-09,-156.241062E-06,+422.656299E-06
+598.000E-09,+234.383944E-06,+414.843799E-06
+600.000E-09,+1.015633956E-03,+438.281300E-06
+602.000E-09,+1.796883967E-03,+453.906301E-06
+604.000E-09,+2.578133979E-03,+453.906301E-06
+606.000E-09,+2.187508973E-03,+434.375050E-06
+608.000E-09,+2.578133979E-03,+403.125048E-06
+610.000E-09,+2.578133979E-03,+403.125048E-06
+612.000E-09,+2.578133979E-03,+360.156296E-06
+614.000E-09,+2.187508973E-03,+375.781297E-06
+616.000E-09,+1.796883967E-03,+391.406298E-06
+618.000E-09,+1.796883967E-03,+395.312548E-06
+620.000E-09,+1.015633956E-03,+387.500048E-06
+622.000E-09,+1.015633956E-03,+403.125048E-06
+624.000E-09,+1.015633956E-03,+446.093800E-06
+626.000E-09,+234.383944E-06,+434.375050E-06
+628.000E-09,-156.241062E-06,+430.468800E-06
+630.000E-09,+234.383944E-06,+446.093800E-06
+632.000E-09,+625.008950E-06,+438.281300E-06
+634.000E-09,-937.491073E-06,+422.656299E-06
+636.000E-09,-937.491073E-06,+430.468800E-06
+638.000E-09,-546.866067E-06,+426.562549E-06
+640.000E-09,+1.015633956E-03,+422.656299E-06
+642.000E-09,+2.578133979E-03,+410.937549E-06
+644.000E-09,+3.359383991E-03,+434.375050E-06
+646.000E-09,+7.656259055E-03,+426.562549E-06
+648.000E-09,+23.671884293E-03,+258.593791E-06
+650.000E-09,+58.828134817E-03,-22.656222E-06
+652.000E-09,+118.593760708E-03,-385.937489E-06
+654.000E-09,+191.250011791E-03,-784.375008E-06
+656.000E-09,+251.406262687E-03,-1.108593774E-03
+658.000E-09,+283.046888158E-03,-1.366406286E-03
+660.000E-09,+283.828138170E-03,-1.721875053E-03
+662.000E-09,+263.906262873E-03,-2.092968820E-03
+664.000E-09,+235.390637448E-03,-2.382031334E-03
+666.000E-09,+206.093762012E-03,-2.452343837E-03
+668.000E-09,+181.093761639E-03,-2.245312578E-03
+670.000E-09,+158.828136307E-03,-1.870312560E-03
+672.000E-09,+139.296886016E-03,-1.471875041E-03
+674.000E-09,+123.281260778E-03,-1.167187526E-03
+676.000E-09,+110.390635586E-03,-1.077343772E-03
+678.000E-09,+99.062510417E-03,-1.139843775E-03
+680.000E-09,+88.125010254E-03,-1.362500036E-03
+682.000E-09,+74.843760056E-03,-1.600781297E-03
+684.000E-09,+63.125009881E-03,-1.760937555E-03
+686.000E-09,+54.140634747E-03,-1.776562555E-03
+688.000E-09,+46.718759637E-03,-1.710156302E-03
+690.000E-09,+40.078134538E-03,-1.546093794E-03
+692.000E-09,+32.656259427E-03,-1.307812533E-03
+694.000E-09,+26.796884340E-03,-1.050000021E-03
+696.000E-09,+22.890634282E-03,-928.906265E-06
+698.000E-09,+19.375009229E-03,-885.937513E-06
+700.000E-09,+20.156259241E-03,-928.906265E-06
+702.000E-09,+20.937509253E-03,-1.007031269E-03
+704.000E-09,+20.546884247E-03,-1.092968773E-03
+706.000E-09,+18.984384224E-03,-1.186718777E-03
+708.000E-09,+17.031259194E-03,-1.186718777E-03
+710.000E-09,+16.640634189E-03,-1.132031275E-03
+712.000E-09,+17.812509206E-03,-1.053906271E-03
+714.000E-09,+20.156259241E-03,-952.343766E-06
+716.000E-09,+23.671884293E-03,-893.750013E-06
+718.000E-09,+24.453134305E-03,-885.937513E-06
+720.000E-09,+23.671884293E-03,-885.937513E-06
+722.000E-09,+22.500009276E-03,-878.125013E-06
+724.000E-09,+21.718759264E-03,-882.031263E-06
+726.000E-09,+20.546884247E-03,-882.031263E-06
+728.000E-09,+19.375009229E-03,-842.968761E-06
+730.000E-09,+18.203134212E-03,-776.562508E-06
+732.000E-09,+17.812509206E-03,-710.156255E-06
+734.000E-09,+17.812509206E-03,-655.468752E-06
+736.000E-09,+18.203134212E-03,-632.031251E-06
+738.000E-09,+17.421884200E-03,-577.343748E-06
+740.000E-09,+16.640634189E-03,-581.249999E-06
+742.000E-09,+16.640634189E-03,-608.593750E-06
+744.000E-09,+15.859384177E-03,-612.500000E-06
+746.000E-09,+15.468759171E-03,-608.593750E-06
+748.000E-09,+14.687509160E-03,-616.406250E-06
+750.000E-09,+13.906259148E-03,-569.531248E-06
+752.000E-09,+15.468759171E-03,-553.906247E-06
+754.000E-09,+16.250009183E-03,-553.906247E-06
+756.000E-09,+15.859384177E-03,-542.187497E-06
+758.000E-09,+16.250009183E-03,-538.281246E-06
+760.000E-09,+14.687509160E-03,-510.937495E-06
+762.000E-09,+13.906259148E-03,-483.593744E-06
+764.000E-09,+13.515634142E-03,-467.968743E-06
+766.000E-09,+12.343759125E-03,-460.156243E-06
+768.000E-09,+12.343759125E-03,-409.374990E-06
+770.000E-09,+10.781259101E-03,-366.406238E-06
+772.000E-09,+11.171884107E-03,-307.812486E-06
+774.000E-09,+10.781259101E-03,-280.468734E-06
+776.000E-09,+11.562509113E-03,-296.093735E-06
+778.000E-09,+10.000009090E-03,-327.343736E-06
+780.000E-09,+10.000009090E-03,-331.249987E-06
+782.000E-09,+10.000009090E-03,-327.343736E-06
+784.000E-09,+10.781259101E-03,-335.156237E-06
+786.000E-09,+10.390634096E-03,-315.624986E-06
+788.000E-09,+11.171884107E-03,-260.937483E-06
+790.000E-09,+10.781259101E-03,-241.406232E-06
+792.000E-09,+11.562509113E-03,-237.499982E-06
+794.000E-09,+11.562509113E-03,-241.406232E-06
+796.000E-09,+10.781259101E-03,-245.312483E-06
+798.000E-09,+10.000009090E-03,-214.062481E-06
+800.000E-09,+10.390634096E-03,-194.531230E-06
+802.000E-09,+9.218759078E-03,-202.343731E-06
+804.000E-09,+9.609384084E-03,-174.999979E-06
+806.000E-09,+8.437509066E-03,-124.218727E-06
+808.000E-09,+8.437509066E-03,-124.218727E-06
+810.000E-09,+8.046884061E-03,-132.031227E-06
+812.000E-09,+8.437509066E-03,-89.062475E-06
+814.000E-09,+8.437509066E-03,-61.718724E-06
+816.000E-09,+8.828134072E-03,-53.906223E-06
+818.000E-09,+7.656259055E-03,-49.999973E-06
+820.000E-09,+8.437509066E-03,-49.999973E-06
+822.000E-09,+9.218759078E-03,-57.812474E-06
+824.000E-09,+10.390634096E-03,-73.437474E-06
+826.000E-09,+9.609384084E-03,-73.437474E-06
+828.000E-09,+9.218759078E-03,-53.906223E-06
+830.000E-09,+9.218759078E-03,-49.999973E-06
+832.000E-09,+10.000009090E-03,-57.812474E-06
+834.000E-09,+9.218759078E-03,-42.187473E-06
+836.000E-09,+8.437509066E-03,-26.562472E-06
+838.000E-09,+8.828134072E-03,+8.593780E-06
+840.000E-09,+8.046884061E-03,+43.750031E-06
+842.000E-09,+8.046884061E-03,+78.906283E-06
+844.000E-09,+7.656259055E-03,+63.281282E-06
+846.000E-09,+7.265634049E-03,+67.187532E-06
+848.000E-09,+7.656259055E-03,+67.187532E-06
+850.000E-09,+7.265634049E-03,+63.281282E-06
+852.000E-09,+7.265634049E-03,+39.843781E-06
+854.000E-09,+6.875009043E-03,+43.750031E-06
+856.000E-09,+7.656259055E-03,+35.937531E-06
+858.000E-09,+8.046884061E-03,+71.093782E-06
+860.000E-09,+8.437509066E-03,+102.343784E-06
+862.000E-09,+8.828134072E-03,+102.343784E-06
+864.000E-09,+8.828134072E-03,+110.156284E-06
+866.000E-09,+8.828134072E-03,+117.968785E-06
+868.000E-09,+9.218759078E-03,+102.343784E-06
+870.000E-09,+8.046884061E-03,+90.625033E-06
+872.000E-09,+7.656259055E-03,+55.468782E-06
+874.000E-09,+7.265634049E-03,+63.281282E-06
+876.000E-09,+7.656259055E-03,+117.968785E-06
+878.000E-09,+8.046884061E-03,+106.250034E-06
+880.000E-09,+7.656259055E-03,+110.156284E-06
+882.000E-09,+7.265634049E-03,+153.125036E-06
+884.000E-09,+6.875009043E-03,+203.906289E-06
+886.000E-09,+6.484384037E-03,+192.187538E-06
+888.000E-09,+6.875009043E-03,+188.281288E-06
+890.000E-09,+6.484384037E-03,+176.562537E-06
+892.000E-09,+5.703134026E-03,+203.906289E-06
+894.000E-09,+6.875009043E-03,+211.718789E-06
+896.000E-09,+7.265634049E-03,+184.375038E-06
+898.000E-09,+7.265634049E-03,+164.843787E-06
+900.000E-09,+7.265634049E-03,+176.562537E-06
+902.000E-09,+7.265634049E-03,+211.718789E-06
+904.000E-09,+6.484384037E-03,+180.468788E-06
+906.000E-09,+7.265634049E-03,+184.375038E-06
+908.000E-09,+7.265634049E-03,+172.656287E-06
+910.000E-09,+6.875009043E-03,+188.281288E-06
+912.000E-09,+6.484384037E-03,+192.187538E-06
+914.000E-09,+6.484384037E-03,+203.906289E-06
+916.000E-09,+6.093759032E-03,+235.156290E-06
+918.000E-09,+6.093759032E-03,+254.687541E-06
+920.000E-09,+6.093759031E-03,+246.875041E-06
+922.000E-09,+5.312509020E-03,+270.312542E-06
+924.000E-09,+5.312509020E-03,+270.312542E-06
+926.000E-09,+6.093759031E-03,+239.062540E-06
+928.000E-09,+5.703134026E-03,+266.406292E-06
+930.000E-09,+5.312509020E-03,+297.656293E-06
+932.000E-09,+5.312509020E-03,+258.593791E-06
+934.000E-09,+6.484384037E-03,+254.687541E-06
+936.000E-09,+6.875009043E-03,+274.218792E-06
+938.000E-09,+6.484384037E-03,+266.406292E-06
+940.000E-09,+6.093759032E-03,+270.312542E-06
+942.000E-09,+6.484384037E-03,+254.687541E-06
+944.000E-09,+6.875009043E-03,+250.781291E-06
+946.000E-09,+6.875009043E-03,+266.406292E-06
+948.000E-09,+6.484384037E-03,+278.125042E-06
+950.000E-09,+6.093759032E-03,+293.750043E-06
+952.000E-09,+6.484384037E-03,+293.750043E-06
+954.000E-09,+6.093759031E-03,+293.750043E-06
+956.000E-09,+5.703134026E-03,+274.218792E-06
+958.000E-09,+5.703134026E-03,+285.937543E-06
+960.000E-09,+5.312509020E-03,+305.468794E-06
+962.000E-09,+5.312509020E-03,+332.812545E-06
+964.000E-09,+5.312509020E-03,+321.093794E-06
+966.000E-09,+4.531259008E-03,+305.468794E-06
+968.000E-09,+4.921884014E-03,+301.562543E-06
+970.000E-09,+4.921884014E-03,+317.187544E-06
+972.000E-09,+5.312509020E-03,+309.375044E-06
+974.000E-09,+5.312509020E-03,+309.375044E-06
+976.000E-09,+5.703134026E-03,+301.562543E-06
+978.000E-09,+6.093759031E-03,+305.468794E-06
+980.000E-09,+5.703134026E-03,+317.187544E-06
+982.000E-09,+4.921884014E-03,+332.812545E-06
+984.000E-09,+6.093759031E-03,+293.750043E-06
+986.000E-09,+5.312509020E-03,+289.843793E-06
+988.000E-09,+4.921884014E-03,+285.937543E-06
+990.000E-09,+5.312509020E-03,+317.187544E-06
+992.000E-09,+5.703134026E-03,+332.812545E-06
+994.000E-09,+4.531259008E-03,+309.375044E-06
+996.000E-09,+4.140634002E-03,+325.000045E-06
+998.000E-09,+4.921884014E-03,+344.531295E-06
+1.000000E-06,+4.921884014E-03,+332.812545E-06
+1.002000E-06,+4.531259008E-03,+309.375044E-06
+1.004000E-06,+4.531259008E-03,+285.937543E-06
+1.006000E-06,+4.531259008E-03,+293.750043E-06
+1.008000E-06,+4.921884014E-03,+305.468794E-06
+1.010000E-06,+5.312509020E-03,+328.906295E-06
+1.012000E-06,+5.312509020E-03,+340.625045E-06
+1.014000E-06,+5.312509020E-03,+364.062546E-06
+1.016000E-06,+5.703134026E-03,+375.781297E-06
+1.018000E-06,+4.921884014E-03,+375.781297E-06
+1.020000E-06,+6.093759031E-03,+360.156296E-06
+1.022000E-06,+5.312509020E-03,+352.343796E-06
+1.024000E-06,+5.312509020E-03,+360.156296E-06
+1.026000E-06,+4.921884014E-03,+352.343796E-06
+1.028000E-06,+4.921884014E-03,+379.687547E-06
+1.030000E-06,+4.531259008E-03,+371.875047E-06
+1.032000E-06,+4.140634002E-03,+325.000045E-06
+1.034000E-06,+4.531259008E-03,+317.187544E-06
+1.036000E-06,+4.531259008E-03,+325.000045E-06
+1.038000E-06,+4.531259008E-03,+328.906295E-06
+1.040000E-06,+4.140634002E-03,+364.062546E-06
+1.042000E-06,+3.750008997E-03,+367.968797E-06
+1.044000E-06,+4.531259008E-03,+352.343796E-06
+1.046000E-06,+4.531259008E-03,+367.968797E-06
+1.048000E-06,+4.531259008E-03,+387.500048E-06
+1.050000E-06,+5.312509020E-03,+367.968797E-06
+1.052000E-06,+4.531259008E-03,+383.593797E-06
+1.054000E-06,+5.312509020E-03,+356.250046E-06
+1.056000E-06,+5.703134026E-03,+348.437546E-06
+1.058000E-06,+5.312509020E-03,+328.906295E-06
+1.060000E-06,+5.703134026E-03,+325.000045E-06
+1.062000E-06,+4.531259008E-03,+332.812545E-06
+1.064000E-06,+4.140634002E-03,+352.343796E-06
+1.066000E-06,+4.531259008E-03,+383.593797E-06
+1.068000E-06,+4.531259008E-03,+375.781297E-06
+1.070000E-06,+3.750008997E-03,+371.875047E-06
+1.072000E-06,+3.750008997E-03,+391.406298E-06
+1.074000E-06,+3.750008997E-03,+403.125048E-06
+1.076000E-06,+3.750008997E-03,+391.406298E-06
+1.078000E-06,+3.750008997E-03,+371.875047E-06
+1.080000E-06,+4.921884014E-03,+391.406298E-06
+1.082000E-06,+4.140634002E-03,+407.031298E-06
+1.084000E-06,+4.140634002E-03,+418.750049E-06
+1.086000E-06,+4.531259008E-03,+399.218798E-06
+1.088000E-06,+4.921884014E-03,+399.218798E-06
+1.090000E-06,+4.921884014E-03,+418.750049E-06
+1.092000E-06,+4.921884014E-03,+395.312548E-06
+1.094000E-06,+4.531259008E-03,+383.593797E-06
+1.096000E-06,+4.921884014E-03,+399.218798E-06
+1.098000E-06,+4.921884014E-03,+379.687547E-06
+1.100000E-06,+4.531259008E-03,+407.031298E-06
+1.102000E-06,+4.140634002E-03,+395.312548E-06
+1.104000E-06,+4.531259008E-03,+383.593797E-06
+1.106000E-06,+4.140634002E-03,+379.687547E-06
+1.108000E-06,+3.750008997E-03,+391.406298E-06
+1.110000E-06,+4.140634002E-03,+399.218798E-06
+1.112000E-06,+4.140634002E-03,+395.312548E-06
+1.114000E-06,+3.359383991E-03,+414.843799E-06
+1.116000E-06,+4.140634002E-03,+426.562549E-06
+1.118000E-06,+4.531259008E-03,+407.031298E-06
+1.120000E-06,+4.140634002E-03,+426.562549E-06
+1.122000E-06,+3.359383991E-03,+418.750049E-06
+1.124000E-06,+3.750008997E-03,+403.125048E-06
+1.126000E-06,+3.750008997E-03,+410.937549E-06
+1.128000E-06,+3.750008997E-03,+426.562549E-06
+1.130000E-06,+3.359383991E-03,+418.750049E-06
+1.132000E-06,+3.750008997E-03,+403.125048E-06
+1.134000E-06,+3.750008997E-03,+399.218798E-06
+1.136000E-06,+4.531259008E-03,+399.218798E-06
+1.138000E-06,+3.750008997E-03,+410.937549E-06
+1.140000E-06,+4.531259008E-03,+426.562549E-06
+1.142000E-06,+3.750008997E-03,+422.656299E-06
+1.144000E-06,+3.750008997E-03,+414.843799E-06
+1.146000E-06,+3.750008997E-03,+410.937549E-06
+1.148000E-06,+4.140634002E-03,+395.312548E-06
+1.150000E-06,+3.750008997E-03,+387.500048E-06
+1.152000E-06,+3.750008997E-03,+422.656299E-06
+1.154000E-06,+3.359383991E-03,+430.468800E-06
+1.156000E-06,+2.968758985E-03,+422.656299E-06
+1.158000E-06,+3.750008997E-03,+383.593797E-06
+1.160000E-06,+4.140634002E-03,+395.312548E-06
+1.162000E-06,+3.359383991E-03,+391.406298E-06
+1.164000E-06,+3.750008997E-03,+410.937549E-06
+1.166000E-06,+3.359383991E-03,+391.406298E-06
+1.168000E-06,+4.140634002E-03,+395.312548E-06
+1.170000E-06,+4.140634002E-03,+422.656299E-06
+1.172000E-06,+3.750008997E-03,+446.093800E-06
+1.174000E-06,+3.750008997E-03,+469.531301E-06
+1.176000E-06,+4.140634002E-03,+465.625051E-06
+1.178000E-06,+4.140634002E-03,+457.812551E-06
+1.180000E-06,+3.750008997E-03,+418.750049E-06
+1.182000E-06,+4.140634002E-03,+422.656299E-06
+1.184000E-06,+3.750008997E-03,+434.375050E-06
+1.186000E-06,+3.750008997E-03,+426.562549E-06
+1.188000E-06,+2.578133979E-03,+407.031298E-06
+1.190000E-06,+3.359383991E-03,+426.562549E-06
+1.192000E-06,+3.750008997E-03,+434.375050E-06
+1.194000E-06,+3.750008997E-03,+414.843799E-06
+1.196000E-06,+3.359383991E-03,+426.562549E-06
+1.198000E-06,+3.359383991E-03,+426.562549E-06
+1.200000E-06,+4.531259008E-03,+442.187550E-06
+1.202000E-06,+4.140634002E-03,+446.093800E-06
+1.204000E-06,+3.750008997E-03,+418.750049E-06
+1.206000E-06,+4.140634002E-03,+403.125048E-06
+1.208000E-06,+4.140634002E-03,+391.406298E-06
+1.210000E-06,+4.140634002E-03,+391.406298E-06
+1.212000E-06,+3.750008997E-03,+407.031298E-06
+1.214000E-06,+4.140634002E-03,+407.031298E-06
+1.216000E-06,+4.140634002E-03,+414.843799E-06
+1.218000E-06,+3.750008997E-03,+430.468800E-06
+1.220000E-06,+4.140634002E-03,+434.375050E-06
+1.222000E-06,+4.140634002E-03,+407.031298E-06
+1.224000E-06,+3.359383991E-03,+418.750049E-06
+1.226000E-06,+2.968758985E-03,+403.125048E-06
+1.228000E-06,+2.968758985E-03,+438.281300E-06
+1.230000E-06,+3.359383991E-03,+461.718801E-06
+1.232000E-06,+4.140634002E-03,+446.093800E-06
+1.234000E-06,+3.359383991E-03,+457.812551E-06
+1.236000E-06,+3.359383991E-03,+442.187550E-06
+1.238000E-06,+3.750008997E-03,+430.468800E-06
+1.240000E-06,+3.750008997E-03,+410.937549E-06
+1.242000E-06,+3.750008997E-03,+403.125048E-06
+1.244000E-06,+2.968758985E-03,+418.750049E-06
+1.246000E-06,+3.359383991E-03,+399.218798E-06
+1.248000E-06,+3.750008997E-03,+407.031298E-06
+1.250000E-06,+2.578133979E-03,+434.375050E-06
+1.252000E-06,+2.578133979E-03,+442.187550E-06
+1.254000E-06,+2.578133979E-03,+446.093800E-06
+1.256000E-06,+3.359383991E-03,+442.187550E-06
+1.258000E-06,+6.093759031E-03,+407.031298E-06
+1.260000E-06,+8.828134072E-03,+395.312548E-06
+1.262000E-06,+11.562509113E-03,+395.312548E-06
+1.264000E-06,+13.515634142E-03,+399.218798E-06
+1.266000E-06,+15.078134165E-03,+391.406298E-06
+1.268000E-06,+15.078134165E-03,+379.687547E-06
+1.270000E-06,+13.125009136E-03,+336.718795E-06
+1.272000E-06,+10.390634096E-03,+328.906295E-06
+1.274000E-06,+6.875009043E-03,+336.718795E-06
+1.276000E-06,+3.750008997E-03,+348.437546E-06
+1.278000E-06,+1.796883967E-03,+395.312548E-06
+1.280000E-06,-546.866067E-06,+426.562549E-06
+1.282000E-06,-2.890616102E-03,+461.718801E-06
+1.284000E-06,-4.453116126E-03,+508.593803E-06
+1.286000E-06,-5.234366137E-03,+492.968803E-06
+1.288000E-06,-5.624991143E-03,+492.968803E-06
+1.290000E-06,-6.015616149E-03,+457.812551E-06
+1.292000E-06,-5.234366137E-03,+469.531301E-06
+1.294000E-06,-6.015616149E-03,+473.437552E-06
+1.296000E-06,-4.843741131E-03,+457.812551E-06
+1.298000E-06,-4.453116126E-03,+504.687553E-06
+1.300000E-06,-3.671866114E-03,+512.500053E-06
+1.302000E-06,-3.281241108E-03,+524.218804E-06
+1.304000E-06,-1.718741085E-03,+543.750055E-06
+1.306000E-06,-1.328116079E-03,+532.031304E-06
+1.308000E-06,-156.241062E-06,+524.218804E-06
+1.310000E-06,+625.008950E-06,+512.500053E-06
+1.312000E-06,+1.796883967E-03,+512.500053E-06
+1.314000E-06,+1.796883967E-03,+481.250052E-06
+1.316000E-06,+2.187508973E-03,+442.187550E-06
+1.318000E-06,+2.578133979E-03,+453.906301E-06
+1.320000E-06,+3.359383991E-03,+473.437552E-06
+1.322000E-06,+4.531259008E-03,+453.906301E-06
+1.324000E-06,+4.140634002E-03,+446.093800E-06
+1.326000E-06,+4.531259008E-03,+489.062552E-06
+1.328000E-06,+4.531259008E-03,+508.593803E-06
+1.330000E-06,+3.359383991E-03,+508.593803E-06
+1.332000E-06,+3.359383991E-03,+504.687553E-06
+1.334000E-06,+3.359383991E-03,+512.500053E-06
+1.336000E-06,+2.968758985E-03,+473.437552E-06
+1.338000E-06,+2.578133979E-03,+469.531301E-06
+1.340000E-06,+1.796883967E-03,+496.875053E-06
+1.342000E-06,+2.578133979E-03,+504.687553E-06
+1.344000E-06,+3.359383991E-03,+492.968803E-06
+1.346000E-06,+3.359383991E-03,+492.968803E-06
+1.348000E-06,+2.968758985E-03,+477.343802E-06
+1.350000E-06,+3.359383991E-03,+473.437552E-06
+1.352000E-06,+3.750008997E-03,+492.968803E-06
+1.354000E-06,+3.750008997E-03,+469.531301E-06
+1.356000E-06,+3.359383991E-03,+457.812551E-06
+1.358000E-06,+3.750008997E-03,+453.906301E-06
+1.360000E-06,+3.750008997E-03,+434.375050E-06
+1.362000E-06,+3.359383991E-03,+438.281300E-06
+1.364000E-06,+2.968758985E-03,+461.718801E-06
+1.366000E-06,+3.359383991E-03,+453.906301E-06
+1.368000E-06,+3.359383991E-03,+457.812551E-06
+1.370000E-06,+2.578133979E-03,+465.625051E-06
+1.372000E-06,+3.359383991E-03,+465.625051E-06
+1.374000E-06,+3.359383991E-03,+453.906301E-06
+1.376000E-06,+2.968758985E-03,+450.000050E-06
+1.378000E-06,+2.968758985E-03,+481.250052E-06
+1.380000E-06,+2.578133979E-03,+481.250052E-06
+1.382000E-06,+3.359383991E-03,+485.156302E-06
+1.384000E-06,+3.359383991E-03,+477.343802E-06
+1.386000E-06,+3.359383991E-03,+477.343802E-06
+1.388000E-06,+2.578133979E-03,+465.625051E-06
+1.390000E-06,+3.359383991E-03,+450.000050E-06
+1.392000E-06,+4.140634002E-03,+457.812551E-06
+1.394000E-06,+3.750008997E-03,+438.281300E-06
+1.396000E-06,+3.359383991E-03,+434.375050E-06
+1.398000E-06,+3.359383991E-03,+450.000050E-06
+1.400000E-06,+3.359383991E-03,+465.625051E-06
+1.402000E-06,+3.359383991E-03,+450.000050E-06
+1.404000E-06,+4.140634002E-03,+450.000050E-06
+1.406000E-06,+3.750008997E-03,+446.093800E-06
+1.408000E-06,+2.968758985E-03,+442.187550E-06
+1.410000E-06,+2.968758985E-03,+438.281300E-06
+1.412000E-06,+2.578133979E-03,+438.281300E-06
+1.414000E-06,+3.750008997E-03,+465.625051E-06
+1.416000E-06,+3.359383991E-03,+453.906301E-06
+1.418000E-06,+2.578133979E-03,+465.625051E-06
+1.420000E-06,+2.968758985E-03,+473.437552E-06
+1.422000E-06,+3.750008997E-03,+457.812551E-06
+1.424000E-06,+3.359383991E-03,+453.906301E-06
+1.426000E-06,+3.359383991E-03,+446.093800E-06
+1.428000E-06,+3.359383991E-03,+461.718801E-06
+1.430000E-06,+3.750008997E-03,+485.156302E-06
+1.432000E-06,+3.750008997E-03,+457.812551E-06
+1.434000E-06,+3.750008997E-03,+453.906301E-06
+1.436000E-06,+2.578133979E-03,+438.281300E-06
+1.438000E-06,+3.359383991E-03,+446.093800E-06
+1.440000E-06,+4.140634002E-03,+434.375050E-06
+1.442000E-06,+3.750008997E-03,+450.000050E-06
+1.444000E-06,+2.968758985E-03,+442.187550E-06
+1.446000E-06,+2.968758985E-03,+442.187550E-06
+1.448000E-06,+3.359383991E-03,+438.281300E-06
+1.450000E-06,+3.359383991E-03,+430.468800E-06
+1.452000E-06,+2.968758985E-03,+442.187550E-06
+1.454000E-06,+3.359383991E-03,+442.187550E-06
+1.456000E-06,+3.359383991E-03,+442.187550E-06
+1.458000E-06,+3.359383991E-03,+442.187550E-06
+1.460000E-06,+3.359383991E-03,+477.343802E-06
+1.462000E-06,+2.968758985E-03,+469.531301E-06
+1.464000E-06,+3.359383991E-03,+457.812551E-06
+1.466000E-06,+3.359383991E-03,+438.281300E-06
+1.468000E-06,+3.750008997E-03,+450.000050E-06
+1.470000E-06,+3.750008997E-03,+438.281300E-06
+1.472000E-06,+4.140634002E-03,+422.656299E-06
+1.474000E-06,+3.359383991E-03,+422.656299E-06
+1.476000E-06,+3.359383991E-03,+430.468800E-06
+1.478000E-06,+3.750008997E-03,+465.625051E-06
+1.480000E-06,+3.750008997E-03,+434.375050E-06
+1.482000E-06,+3.750008997E-03,+438.281300E-06
+1.484000E-06,+3.750008997E-03,+457.812551E-06
+1.486000E-06,+3.359383991E-03,+453.906301E-06
+1.488000E-06,+3.750008997E-03,+457.812551E-06
+1.490000E-06,+3.750008997E-03,+457.812551E-06
+1.492000E-06,+3.359383991E-03,+469.531301E-06
+1.494000E-06,+2.968758985E-03,+453.906301E-06
+1.496000E-06,+3.750008997E-03,+446.093800E-06
+1.498000E-06,+3.359383991E-03,+426.562549E-06
+1.500000E-06,+3.750008997E-03,+418.750049E-06
+1.502000E-06,+3.359383991E-03,+453.906301E-06
+1.504000E-06,+3.750008997E-03,+469.531301E-06
+1.506000E-06,+4.140634002E-03,+465.625051E-06
+1.508000E-06,+3.750008997E-03,+446.093800E-06
+1.510000E-06,+2.968758985E-03,+438.281300E-06
+1.512000E-06,+3.359383991E-03,+422.656299E-06
+1.514000E-06,+3.750008997E-03,+442.187550E-06
+1.516000E-06,+3.750008997E-03,+457.812551E-06
+1.518000E-06,+3.750008997E-03,+489.062552E-06
+1.520000E-06,+3.359383991E-03,+485.156302E-06
+1.522000E-06,+2.968758985E-03,+461.718801E-06
+1.524000E-06,+3.750008997E-03,+450.000050E-06
+1.526000E-06,+3.750008997E-03,+450.000050E-06
+1.528000E-06,+3.750008997E-03,+410.937549E-06
+1.530000E-06,+2.968758985E-03,+414.843799E-06
+1.532000E-06,+2.968758985E-03,+457.812551E-06
+1.534000E-06,+3.359383991E-03,+442.187550E-06
+1.536000E-06,+4.140634002E-03,+450.000050E-06
+1.538000E-06,+2.968758985E-03,+453.906301E-06
+1.540000E-06,+2.968758985E-03,+434.375050E-06
+1.542000E-06,+3.750008997E-03,+430.468800E-06
+1.544000E-06,+4.140634002E-03,+434.375050E-06
+1.546000E-06,+3.750008997E-03,+446.093800E-06
+1.548000E-06,+3.750008997E-03,+446.093800E-06
+1.550000E-06,+2.968758985E-03,+438.281300E-06
+1.552000E-06,+3.359383991E-03,+450.000050E-06
+1.554000E-06,+3.750008997E-03,+461.718801E-06
+1.556000E-06,+3.750008997E-03,+453.906301E-06
+1.558000E-06,+4.140634002E-03,+477.343802E-06
+1.560000E-06,+4.140634002E-03,+485.156302E-06
+1.562000E-06,+2.968758985E-03,+457.812551E-06
+1.564000E-06,+3.359383991E-03,+446.093800E-06
+1.566000E-06,+3.359383991E-03,+450.000050E-06
+1.568000E-06,+2.968758985E-03,+438.281300E-06
+1.570000E-06,+2.968758985E-03,+426.562549E-06
+1.572000E-06,+3.359383991E-03,+450.000050E-06
+1.574000E-06,+2.968758985E-03,+442.187550E-06
+1.576000E-06,+4.140634002E-03,+450.000050E-06
+1.578000E-06,+2.968758985E-03,+450.000050E-06
+1.580000E-06,+3.359383991E-03,+450.000050E-06
+1.582000E-06,+3.359383991E-03,+446.093800E-06
+1.584000E-06,+3.359383991E-03,+450.000050E-06
+1.586000E-06,+3.359383991E-03,+446.093800E-06
+1.588000E-06,+3.750008997E-03,+434.375050E-06
+1.590000E-06,+2.968758985E-03,+426.562549E-06
+1.592000E-06,+4.140634002E-03,+430.468800E-06
+1.594000E-06,+3.359383991E-03,+442.187550E-06
+1.596000E-06,+3.359383991E-03,+469.531301E-06
+1.598000E-06,+3.359383991E-03,+438.281300E-06
+1.600000E-06,+3.359383991E-03,+446.093800E-06
+1.602000E-06,+3.359383991E-03,+446.093800E-06
+1.604000E-06,+2.968758985E-03,+450.000050E-06
+1.606000E-06,+2.968758985E-03,+465.625051E-06
+1.608000E-06,+3.750008997E-03,+461.718801E-06
+1.610000E-06,+3.359383991E-03,+450.000050E-06
+1.612000E-06,+4.140634002E-03,+453.906301E-06
+1.614000E-06,+2.968758985E-03,+465.625051E-06
+1.616000E-06,+3.359383991E-03,+450.000050E-06
+1.618000E-06,+3.359383991E-03,+426.562549E-06
+1.620000E-06,+3.750008997E-03,+407.031298E-06
+1.622000E-06,+3.750008997E-03,+438.281300E-06
+1.624000E-06,+4.140634002E-03,+485.156302E-06
+1.626000E-06,+3.750008997E-03,+469.531301E-06
+1.628000E-06,+3.359383991E-03,+465.625051E-06
+1.630000E-06,+3.359383991E-03,+461.718801E-06
+1.632000E-06,+4.140634002E-03,+438.281300E-06
+1.634000E-06,+2.578133979E-03,+414.843799E-06
+1.636000E-06,+2.968758985E-03,+407.031298E-06
+1.638000E-06,+3.750008997E-03,+426.562549E-06
+1.640000E-06,+4.140634002E-03,+450.000050E-06
+1.642000E-06,+2.968758985E-03,+461.718801E-06
+1.644000E-06,+2.578133979E-03,+453.906301E-06
+1.646000E-06,+2.968758985E-03,+434.375050E-06
+1.648000E-06,+4.140634002E-03,+430.468800E-06
+1.650000E-06,+2.968758985E-03,+434.375050E-06
+1.652000E-06,+2.578133979E-03,+453.906301E-06
+1.654000E-06,+2.968758985E-03,+446.093800E-06
+1.656000E-06,+4.140634002E-03,+450.000050E-06
+1.658000E-06,+4.140634002E-03,+426.562549E-06
+1.660000E-06,+4.140634002E-03,+430.468800E-06
+1.662000E-06,+3.359383991E-03,+438.281300E-06
+1.664000E-06,+3.359383991E-03,+430.468800E-06
+1.666000E-06,+4.140634002E-03,+430.468800E-06
+1.668000E-06,+3.750008997E-03,+438.281300E-06
+1.670000E-06,+3.359383991E-03,+453.906301E-06
+1.672000E-06,+3.750008997E-03,+438.281300E-06
+1.674000E-06,+2.968758985E-03,+477.343802E-06
+1.676000E-06,+3.359383991E-03,+477.343802E-06
+1.678000E-06,+3.750008997E-03,+446.093800E-06
+1.680000E-06,+2.968758985E-03,+450.000050E-06
+1.682000E-06,+2.578133979E-03,+438.281300E-06
+1.684000E-06,+3.359383991E-03,+426.562549E-06
+1.686000E-06,+3.750008997E-03,+426.562549E-06
+1.688000E-06,+4.140634002E-03,+442.187550E-06
+1.690000E-06,+3.359383991E-03,+457.812551E-06
+1.692000E-06,+2.578133979E-03,+469.531301E-06
+1.694000E-06,+3.750008997E-03,+450.000050E-06
+1.696000E-06,+4.140634002E-03,+414.843799E-06
+1.698000E-06,+2.968758985E-03,+450.000050E-06
+1.700000E-06,+3.750008997E-03,+477.343802E-06
+1.702000E-06,+3.359383991E-03,+442.187550E-06
+1.704000E-06,+4.140634002E-03,+442.187550E-06
+1.706000E-06,+3.750008997E-03,+434.375050E-06
+1.708000E-06,+3.750008997E-03,+422.656299E-06
+1.710000E-06,+3.750008997E-03,+426.562549E-06
+1.712000E-06,+3.359383991E-03,+442.187550E-06
+1.714000E-06,+3.359383991E-03,+434.375050E-06
+1.716000E-06,+3.750008997E-03,+426.562549E-06
+1.718000E-06,+3.359383991E-03,+450.000050E-06
+1.720000E-06,+3.750008997E-03,+442.187550E-06
+1.722000E-06,+2.968758985E-03,+457.812551E-06
+1.724000E-06,+2.968758985E-03,+442.187550E-06
+1.726000E-06,+3.750008997E-03,+422.656299E-06
+1.728000E-06,+3.750008997E-03,+438.281300E-06
+1.730000E-06,+3.359383991E-03,+442.187550E-06
+1.732000E-06,+3.359383991E-03,+438.281300E-06
+1.734000E-06,+3.750008997E-03,+422.656299E-06
+1.736000E-06,+4.140634002E-03,+430.468800E-06
+1.738000E-06,+3.359383991E-03,+418.750049E-06
+1.740000E-06,+2.968758985E-03,+426.562549E-06
+1.742000E-06,+3.359383991E-03,+434.375050E-06
+1.744000E-06,+3.750008997E-03,+438.281300E-06
+1.746000E-06,+3.750008997E-03,+453.906301E-06
+1.748000E-06,+3.359383991E-03,+457.812551E-06
+1.750000E-06,+3.359383991E-03,+457.812551E-06
+1.752000E-06,+3.750008997E-03,+442.187550E-06
+1.754000E-06,+4.140634002E-03,+434.375050E-06
+1.756000E-06,+3.359383991E-03,+438.281300E-06
+1.758000E-06,+3.359383991E-03,+469.531301E-06
+1.760000E-06,+3.750008997E-03,+457.812551E-06
+1.762000E-06,+3.359383991E-03,+457.812551E-06
+1.764000E-06,+2.968758985E-03,+426.562549E-06
+1.766000E-06,+3.359383991E-03,+442.187550E-06
+1.768000E-06,+3.750008997E-03,+457.812551E-06
+1.770000E-06,+3.359383991E-03,+430.468800E-06
+1.772000E-06,+4.140634002E-03,+457.812551E-06
+1.774000E-06,+3.750008997E-03,+442.187550E-06
+1.776000E-06,+4.140634002E-03,+434.375050E-06
+1.778000E-06,+3.750008997E-03,+450.000050E-06
+1.780000E-06,+3.750008997E-03,+438.281300E-06
+1.782000E-06,+3.750008997E-03,+442.187550E-06
+1.784000E-06,+3.750008997E-03,+450.000050E-06
+1.786000E-06,+2.968758985E-03,+450.000050E-06
+1.788000E-06,+3.359383991E-03,+422.656299E-06
+1.790000E-06,+3.750008997E-03,+434.375050E-06
+1.792000E-06,+4.140634002E-03,+446.093800E-06
+1.794000E-06,+2.968758985E-03,+442.187550E-06
+1.796000E-06,+3.359383991E-03,+442.187550E-06
+1.798000E-06,+2.968758985E-03,+442.187550E-06
